<?xml version="1.0" encoding="UTF-8"?>
<files>
  <file name="HuskyM208-9G08-EPROM0-TC57256D-DIP28.BIN" source="original">
    <mtime>1762305683</mtime>
    <size>32768</size>
    <md5>36391d8ed970c7f1d5ba407e35d52c48</md5>
    <crc32>ac520167</crc32>
    <sha1>1a7c424851d553430100662764bda5895485dbde</sha1>
    <format>Unknown</format>
    <viruscheck>1762306025</viruscheck>
  </file>
  <file name="HuskyM208-9G08-EPROM1-TC57256D-DIP28.BIN" source="original">
    <mtime>1762306920</mtime>
    <size>32768</size>
    <md5>aac5a64b112c3eafd9684f4721fbe620</md5>
    <crc32>7c1dc166</crc32>
    <sha1>6ff21b40ae618333f71b46a271a2be6a9798e36d</sha1>
    <format>Unknown</format>
    <viruscheck>1762307238</viruscheck>
  </file>
  <file name="husky-m-208-9-g-08-eprom-0-tc-57256-d-dip-28_archive.torrent" source="metadata">
    <btih>8d05a60ce9ff73160de0dce7c445d5e9857f21bd</btih>
    <mtime>1762307665</mtime>
    <size>2156</size>
    <md5>7d3c4130dbb15c8ae0eff9769e0fab8f</md5>
    <crc32>a4232ea4</crc32>
    <sha1>ab43f8c3168b87687f1d09eabe770cc6b93c0948</sha1>
    <format>Archive BitTorrent</format>
  </file>
  <file name="husky-m-208-9-g-08-eprom-0-tc-57256-d-dip-28_files.xml" source="original">
    <format>Metadata</format>
    <md5>e25ed5e99e51b0f51d38289356b512c9</md5>
    <summation>md5</summation>
  </file>
  <file name="husky-m-208-9-g-08-eprom-0-tc-57256-d-dip-28_meta.sqlite" source="original">
    <mtime>1762306925</mtime>
    <size>20480</size>
    <md5>d957b8912f809453f3eefd522e57518f</md5>
    <crc32>2fc1c3e4</crc32>
    <sha1>a5ae7b0262076e3e9de726efc13fb81d3a3b69e9</sha1>
    <format>Metadata</format>
  </file>
  <file name="husky-m-208-9-g-08-eprom-0-tc-57256-d-dip-28_meta.xml" source="original">
    <mtime>1762307665</mtime>
    <size>1184</size>
    <md5>824736c7b18d7da8402af30ddaa2d210</md5>
    <crc32>71190ca5</crc32>
    <sha1>76902d61b30843480475fa72c78b85b2073fcd91</sha1>
    <format>Metadata</format>
  </file>
</files>
