<?xml version="1.0" encoding="UTF-8"?>
<metadata>
  <identifier>husky-m-208-9-g-08-eprom-0-tc-57256-d-dip-28</identifier>
  <mediatype>software</mediatype>
  <collection>open_source_software</collection>
  <creator>Husky Computers Ltd</creator>
  <description>&lt;div&gt;Husky M-208 Operating System EPROMs 0 and 1&lt;/div&gt;&lt;div&gt;TC57256AD-15 chips&lt;/div&gt;</description>
  <language>eng</language>
  <scanner>Internet Archive HTML5 Uploader 1.7.0</scanner>
  <subject>Husky DEMOS M208 M-208</subject>
  <title>Husky M208 9G08 EPROMs (TC57256D) </title>
  <uploader>nicolacowie@gmail.com</uploader>
  <publicdate>2025-11-05 01:21:43</publicdate>
  <addeddate>2025-11-05 01:21:43</addeddate>
  <curation>[curator]validator@archive.org[/curator][date]20251105012706[/date][comment]checked for malware[/comment]</curation>
  <notes>These are OS EPROMs for the Husky M-208 in my collection. There are 3 other EPROMs in the System but it looks like they may contain propriety Military application software and so are NOT included in this archive.

This unit has a Serial No. of 867401

It also came with an Analogue to Digital Converter option and 208K RAM.
</notes>
</metadata>
